{
    "Loaded": true,
    "Name": "Castle Necromoghan",
    "RegionName": "Daggerfall",
    "HasDungeon": true,
    "MapTableData": {
        "MapId": 9570447,
        "Latitude": 46888,
        "Longitude": 33704,
        "LocationType": "DungeonLabyrinth",
        "DungeonType": "VampireHaunt",
        "Discovered": false,
        "Key": 0
    },
    "Exterior": {
        "RecordElement": {
            "Header": {
                "X": 8632320,
                "Y": 12007425,
                "IsExterior": 32768,
                "Unknown2": 9,
                "LocationId": 17798,
                "IsInterior": 0,
                "ExteriorLocationId": 0,
                "LocationName": "Castle Necromoghan"
            }
        },
        "BuildingCount": 0,
        "Buildings": [],
        "ExteriorData": {
            "AnotherName": "Castle Necromoghan",
            "MapId": 133263,
            "LocationId": 0,
            "Width": 1,
            "Height": 1,
            "PortTownAndUnknown": 0,
            "BlockNames": [
                "CASTAA28.RMB"
            ]
        }
    },
    "Dungeon": {
        "RecordElement": {
            "Header": {
                "X": 8632320,
                "Y": 12007425,
                "IsExterior": 0,
                "Unknown2": 1,
                "LocationId": 17799,
                "IsInterior": 1,
                "ExteriorLocationId": 17798,
                "LocationName": "Castle Necromoghan"
            }
        },
        "Header": {
            "BlockCount": 11
        },
        "Blocks": [
            {
                "X": -1,
                "Z": 0,
                "IsStartingBlock": false,
                "BlockName": "B0000009.RDB",
                "WaterLevel": 0,
                "CastleBlock": false
            },
            {
                "X": 0,
                "Z": -1,
                "IsStartingBlock": false,
                "BlockName": "B0000001.RDB",
                "WaterLevel": 0,
                "CastleBlock": false
            },
            {
                "X": 0,
                "Z": 0,
                "IsStartingBlock": true,
                "BlockName": "W0000020.RDB",
                "WaterLevel": 0,
                "CastleBlock": false
            },
            {
                "X": 0,
                "Z": 1,
                "IsStartingBlock": false,
                "BlockName": "B0000005.RDB",
                "WaterLevel": 0,
                "CastleBlock": false
            },
            {
                "X": 1,
                "Z": -1,
                "IsStartingBlock": false,
                "BlockName": "B0000001.RDB",
                "WaterLevel": 0,
                "CastleBlock": false
            },
            {
                "X": 1,
                "Z": 0,
                "IsStartingBlock": false,
                "BlockName": "N0000058.RDB",
                "WaterLevel": 0,
                "CastleBlock": false
            },
            {
                "X": 1,
                "Z": 1,
                "IsStartingBlock": false,
                "BlockName": "B0000002.RDB",
                "WaterLevel": 0,
                "CastleBlock": false
            },
            {
                "X": 2,
                "Z": -1,
                "IsStartingBlock": false,
                "BlockName": "B0000012.RDB",
                "WaterLevel": 0,
                "CastleBlock": false
            },
            {
                "X": 2,
                "Z": 0,
                "IsStartingBlock": false,
                "BlockName": "N0000034.RDB",
                "WaterLevel": 0,
                "CastleBlock": false
            },
            {
                "X": 2,
                "Z": 1,
                "IsStartingBlock": false,
                "BlockName": "B0000001.RDB",
                "WaterLevel": 0,
                "CastleBlock": false
            },
            {
                "X": 3,
                "Z": 0,
                "IsStartingBlock": false,
                "BlockName": "B0000011.RDB",
                "WaterLevel": 0,
                "CastleBlock": false
            }
        ]
    },
    "Climate": {
        "WorldClimate": 230,
        "ClimateType": "Temperate",
        "NatureSet": "Nature_WoodlandHills",
        "GroundArchive": 102,
        "NatureArchive": 506,
        "SkyBase": 16,
        "People": "Breton",
        "Names": "Nord"
    },
    "Politic": 145,
    "RegionIndex": 17,
    "LocationIndex": 9
}